first_name,last_name
Tiffi,Grenfell
Rex,Sharratt
Danni,Islep
Shalne,Vigours
Killy,O'Gavin
Pacorro,Priel
Emmalynne,de Vaen
Silas,Threlfall
Elianora,Brown
Darrelle,Seligson
Winny,Holtham
Faulkner,Romaine
Marcello,Pakes
Cull,Siret
Keith,Naylor
Deeyn,McCowen
Dionis,Hamel
Reine,Darrigoe
Gerard,Cisson
Glennie,Jorgensen
Bert,Mazdon
Sibbie,Sandels
Henrieta,Espino
Dian,LaBastida
Dulciana,Hibbart
Pernell,Moakes
Clea,Drinnan
Marrilee,Demougeot
Brenden,Axton
Vern,Danford
Olympe,Skinner
Atlante,Yegorev
Datha,Cheevers
Tammie,Langlois
Bessie,Aronin
Homerus,Burdass
Clim,Davidek
Ashlen,Hallgalley
Debor,Beddows
Dore,Atwell
Sandye,Birwhistle
Ophelie,Sheppard
Matthieu,Blankhorn
Clemente,Euston
Kasey,Orgen
Arliene,Saunders
Bord,Bawcock
Dita,Leigh
Erinna,MacComiskey
Ky,Ciobotaru
Gardiner,Cheverton
Sigvard,Baruch
Emalia,Monument
Jefferey,Netherclift
Cathyleen,Cunde
Bethany,Fice
Lynette,Strawbridge
Sheff,Pervoe
Demeter,Frift
Huey,Mokes
Aggy,Weiser
Olly,Torrent
Heall,Gosling
Gibbie,McCuaig
Sonnnie,McFadzean
Archibold,Nancarrow
Wat,Andrag
Linus,Colbrun
Coralyn,Wreford
Cori,Ciotti
Andie,Asquith
Marietta,Shergold
Freddie,Verrechia
Terri,Larcier
Lucien,Heliar
Josephina,Wrey
Xena,Nurny
Tandi,Waterland
Gregoire,Calfe
Case,Luxen
Guido,Dwerryhouse
Morena,Brearton
George,Toogood
Zack,Niccolls
Jethro,Kerbey
Krystyna,Gelsthorpe
Kerry,Sheals
Delly,Tabbernor
Esteban,Praill
Broderic,Dearan
Arabela,Schumacher
Karylin,Cherrie
Maighdiln,Breedy
Gene,Hedau
Gardy,Watterson
Viva,Frude
Frants,Nevinson
Cassandry,Huygens
Pierette,Knapton
Pris,Bullock
Octavia,Ronayne
Doria,Dunston
Melicent,Yeldon
Jillian,Harradence
Normand,Barnwille
Bogart,Campey
Denyse,Pladen
Magdaia,Knevett
Lynn,Sandbrook
Jeromy,Mansion
Burton,Munnery
Allsun,Braxton
Rahal,Wilds
Rheba,Duffill
Jilleen,O'Scanlan
Cherice,Lanfere
Susanne,Haddleton
Colan,Keilloh
Sissie,Worwood
Loree,Hessel
Justino,Dealtry
Astrid,Ledwich
Cherise,Fursey
Otis,Damsell
Eula,Daft
Daron,Wear
Ingmar,Bestman
Stearn,Gossage
Clyde,Pordall
Kayle,Abilowitz
Joell,Chilcott
Mady,Fowgies
Dniren,Gilhooley
Abdul,Addess
Glenda,Bonavia
Martelle,Bover
Bryana,Comford
Byram,Ryam
Winny,Maunsell
Jessamine,Grolle
Suzi,Sich
Becka,MacCartair
Sidonia,Budnik
Ondrea,Stockell
Dorolisa,Hinsche
Sharona,Raikes
Melisse,Wyllis
Devy,Grigoriev
Tommy,Dreier
Allistir,Grint
Rurik,Heyball
Pandora,Gawkes
Dom,Grushin
Hailee,Sive
Kiel,Skully
Jolyn,Fahrenbach
Phelia,Andreix
Vivianne,Olekhov
Franky,Brookwell
Caty,Dantesia
Mavis,Seers
Ina,MacSorley
Janelle,Steabler
Brittne,Bodega
Jewelle,Gai
Abigael,Alston
Erny,Gilliard
Griff,Rickardes
Stirling,Robillard
Sascha,Burchett
Misty,Gudde
Andy,Teodorski
Garek,Tamas
Humfrid,Weekly
Jared,Snoxill
Bobbe,Agirre
Oren,Hairsine
Mervin,Whittlesey
Veda,Fisbey
Tandie,Grono
Beret,Bignold
Dun,Tolchard
Victoir,Lardier
Bent,Golborne
Sanford,Lloyds
Brittany,Praill
Helga,Gianelli
Chaddie,Robak
Dominica,Tallman
Carlene,Robison
Alexandra,Elesander
Wiley,Murdy
Wenona,Cowles
Ekaterina,Gueste
Margalo,Peiser
Eunice,Willford
Orson,Mirams
Colleen,Ilyas
Kerwin,Fransinelli
Rosabel,Stuchberry
Sue,Plampin
Dom,Caselli
Brod,Kamienski
Rhodie,Sommer
Aymer,Garlic
Ronnica,Varndall
Richardo,Boutcher
Marion,Siward
Melva,Caine
Fancy,Rusling
Bili,Bramwell
Madel,Blazic
Janie,McKague
Abbie,Heyward
Toddy,Kopacek
Rodolfo,Dofty
Stevie,Sailor
Cris,Dautry
Farrah,Grinley
Layla,Vasey
Reginald,Gahagan
Morie,Scrigmour
Mendy,O'Brollachain
Helli,Flippen
Kelvin,Tales
Darill,Pepper
Pembroke,Bonson
Annaliese,Beazey
Steward,Heinzel
Hailee,Hance
Shirl,Swadlinge
Brice,Garrals
Lola,Gollop
Iolanthe,Franc
Uta,Dufton
Grove,Beverstock
Annabella,Sibbert
Ianthe,Andrich
Debby,Linton
Slade,Fowle
Gerhardine,Jurczak
Lyndsey,Newcom
Ernestus,Jarrett
Gay,Caulfield
Goldie,Weedon
Percy,Georgiades
Webb,Brandts
Collen,Belfield
Andrea,Wawer
Rodney,Gronauer
Jimmy,Simco
Dorian,D'Oyly
Blaine,Gagin
Waylon,De La Coste
Erminie,Sulter
Richmond,De Ambrosi
Alysa,Crosfeld
Hester,Liell
Jarrod,Coleson
Camellia,Balogh
Elnar,Prendeguest
Audry,Lapere
Maurise,Owain
Yulma,Fordyce
Hebert,Meach
Ashton,Mcsarry
Paulie,Kuna
Mandie,Mattiessen
Padriac,Isakovic
Tawnya,Tatershall
Neila,Edds
Ruy,Cereceres
Alyss,Dykas
Terrijo,Stanex
Laverna,Woodwind
Julia,Tackes
Leroi,Glacken
Natty,Marcoolyn
Leicester,Fancett
Stephan,Cuttings
Michaela,Pelz
Benedict,Genney
Konstanze,Culpen
Jobyna,Follin
Marylee,Denerley
Erminia,McCleary
Blake,Vequaud
Melli,Girsch
Pamela,Peeters
Clemens,Barmadier
Marjie,Rawson
Maximo,McCulloch
Aubrey,Pinhorn
Ursulina,Orlton
Lynnet,Furlonge
Kylen,Kuhwald
Morly,Andryszczak
Melodee,Grewcock
Margarette,Braithwait
Tyne,Blumson
Katalin,Prentice
Glynis,Walsh
Daloris,Bruckman
Rance,O'Lynn
Corrianne,Wetherby
Sherwin,Elphinstone
Norah,Cozby
Quintilla,Sweetenham
Georgie,Kobke
Saundra,Larking
Doro,Absolon
Aubree,Yonge
Ware,Pennings
Tarra,Barrowclough
Burk,Boules
Ave,Keppe
Ximenes,Meaker
Prudy,Lube
Hildy,Mikalski
Frans,Nunes Nabarro
Melantha,Nani
Burl,Duddan
Karalynn,Leetham
Yasmin,Dodge
Nahum,Ghio
Amabel,Cappineer
Isidoro,Radish
Bartholemy,Hamlen
Tripp,McGifford
Esta,Josefovic
Tris,Andraud
Egon,Balharrie
Dallas,MacDonell
Burnard,Fydo
Filberto,Creffeild
Page,Fernanando
Estelle,Dunsire
Nat,Reignolds
Stanfield,Grugerr
Izabel,Woakes
Forest,Bulter
Bertina,Larwood
Forrest,Duddin
Nehemiah,Guilayn
Sergio,Revett
Roma,Bilofsky
Noami,Kobierra
Evelyn,Gioani
Otha,Folbige
Anabal,Ginnally
Raimund,Barnicott
Aharon,Yesipov
Liesa,Welham
Gretchen,Horning
Gasper,Blancowe
Ambros,Camosso
Hersch,Chominski
Shayne,Impleton
Reena,Callway
Katrina,Renzini
Man,Leifer
Madlin,Braney
Kelli,Kachel
Ludovico,Branni
Gerianne,Fawdry
Swen,Lowcock
Dulcy,Dragon
Glynn,Tales
Aharon,Matschek
Pauletta,Pittway
Cathleen,O' Donohoe
Whitney,Elsop
Yetty,Fredi
Aloin,Jakab
Ardys,Mumbray
Yvor,Gherardi
Fredericka,L'Homme
Eduard,Melland
Frasier,de'-Ancy Willis
Mellisa,Rennebach
Waring,Frid
Athena,Abraham
Tully,Bennie
Angie,Painswick
Clifford,Nock
Colly,Gert
Brendis,Grigorio
Shawn,Leechman
Elenore,Cripps
Carmina,Lared
Alysia,Claxson
Haily,O'Deoran
Granger,Maxworthy
Leo,Faulder
Tedra,Lanegran
Iago,Praill
Morrie,Jelphs
Susy,Rapo
Quincy,Charlson
Joni,Adess
Theodore,Milbourne
Roxanne,Maidstone
Sheelah,Beggs
Jenn,Procter
Nettie,Paskell
Violet,Goadby
Leroi,Ingerson
Quincy,Grocott
Darin,Tremollet
Mirabelle,Harg
Lorrie,Francois
Ray,Cokly
Lenci,Casier
Rancell,Croson
Micaela,Gouthier
Maiga,Izon
Bonnie,Simants
Christi,Seeviour
Kenny,Baggaley
Cal,Manuely
Eldon,Pouton
Orelia,Dearlove
Fabio,Passey
Casandra,Swenson
Bernard,Pyrah
Mack,Palumbo
Isidore,Gillimgham
Florence,Kingsly
Meggie,Ashforth
Jehanna,Pigot
Fletcher,Corre
Bob,Beevers
Sigismundo,Corpe
Javier,Clunie
Godard,Bernuzzi
Gibby,Leek
Revkah,Thirlwell
Adara,Andryushin
Gay,Sennett
Colline,Bowen
Moreen,Jouannisson
Hollis,Chestnutt
Oates,Lesmonde
Noella,Glenton
Sax,Pawel
Stormie,MacNalley
Cobb,Coltart
Ty,Pichan
Bourke,Petrillo
Molli,Challinor
Kyle,Simonett
Lane,Niave
Chas,Cullinane
Wynne,Cock
Vincenty,Ninnis
Beryle,Mathou
Teirtza,Ashley
Siward,Chippindale
Abbie,Fishbourne
Dugald,Blackaby
Toddy,Zannelli
Ara,Paxton
Gaylene,Kingzett
Edin,Eckly
Tabby,Fallon
Trisha,Geertje
Durand,Crowdson
Ethelred,Lisle
Starla,Laffling
Mallory,Reddin
Sharlene,Sirmon
Alicia,Bastick
Haroun,Catlin
Hewitt,Scurfield
Debbi,Harfleet
Scott,Pledge
Briana,Attenbrow
Esmeralda,Abercrombie
Mateo,Bringloe
Codie,Schwander
Roberta,Moret
Elysha,Valerio
Colan,Grabb
Court,Cubbinelli
Mickie,Huckel
Rheta,Brace
Mickie,Venney
Damaris,Pithcock
Avictor,Chamley
Miller,Iianon
Moise,Radsdale
Reuven,Wadly
Bradley,Corbishley
Chad,Choldcroft
Jeffie,Barlee
Selestina,Paulin
Lowell,Sharer
Adler,Weine
Boonie,Klasen
Cosmo,Fuente
Helenka,Spratt
Allison,Avrahamy
Keelby,Mindenhall
Arnold,Lambal
Perry,Keable
Goldi,Lofthouse
Jaimie,Clemendot
Tomlin,Hearley
Anissa,Goodban
Arie,Sidsaff
Bryn,Benne
Vance,Grene
Muffin,Hammand
Malvin,Sargint
Donna,Pfertner
Hunter,McGeaney
Helli,Lark
Berne,Leaning
Trumann,McColgan
Marion,Anders
Cecily,Carstairs
Zara,McTerlagh
Lindy,Issacov
Tynan,Lowrey
Jessie,Newborn
Pamela,Bisatt
Morgan,Meneghi
Uriah,Ghirardi
Patty,Ilchuk
Cherianne,Whitfield
Meggy,Lavington
Zorana,Holdey
Greta,Gibb
Lloyd,Hayller
Legra,Baynon
Roshelle,Matthewman
Ive,Skeete
Reynolds,Adenot
Lexy,Dinnington
Bernardina,Fishleigh
Freida,Janodet
Damita,Hockey
Charita,Degoy
Marlie,Allsup
Rennie,Waggatt
Romona,Torres
Leighton,Pawsey
Alister,Whistance
Aubrie,Speddin
Fanechka,De Blasi
Glenn,Spaduzza
Emilie,Martygin
Charla,Hissett
Vanni,Dunstall
Robbi,Spellacey
Maisie,Brickham
Farand,O' Borne
Eleen,Hellewell
Loralie,Seckington
Elwin,Bagley
Brear,Gowry
Franni,Raun
Lidia,Verman
Burch,Gerold
Almeda,Boyle
Kriste,Sporton
Prudi,Caren
Carlee,Stroobant
Jessalin,Bynold
Gallard,Garrat
Chauncey,Morritt
Brianna,O'Loghlen
Yvette,Gue
Felipe,Girardini
Nicola,Thurborn
Clare,Lohan
Blake,Osbidston
Estel,Housegoe
Niel,Georger
Nolana,Cohane
Zared,Patron
Olympie,Paolillo
Ezri,Lorimer
Homere,Bruun
Archambault,Elgy
Othella,Blacksell
Dreddy,Bon
Goran,Disman
Solly,Kiln
Molli,Ligertwood
Trip,Sands-Allan
Aldis,Presidey
Diannne,Mc Dermid
Garrick,Stackbridge
Shea,Morrison
Saidee,Gilman
Wakefield,Keaveney
Westleigh,Spinas
Stevena,Tschirschky
Lamont,Gusney
Kayne,Lillgard
Genovera,Jirsa
Fanya,McReedy
Stacee,Leither
Geraldine,Opdenorth
Tiffanie,Purslow
Sabra,Soda
Jackquelin,Hedaux
Kain,Caygill
Pansy,Gailor
Glenden,Huddart
Ema,Eddow
Alf,Farny
Joletta,Lavell
Isidor,Fellos
Bucky,Ivanusyev
Mitzi,Poel
Aridatha,Orridge
Cale,Breddy
Caryl,Hurtado
Bili,Fritchley
Whitman,Croxton
Jaye,Bleby
Barclay,Imm
Ike,Shingler
Josepha,McCreery
Angelico,Volks
Jorrie,Woolis
Ezri,Boom
Ferris,McGinlay
Hymie,Gillcrist
Raviv,Ferier
Joli,Slesser
Inga,Bowers
Jaye,Candlin
Roshelle,Farbrace
Terrance,Nibley
Blinny,McKain
Filmore,Johann
Lucio,Stansfield
Denise,Waadenburg
Darb,Lilbourne
Jesus,Swiffen
Noby,Boam
Jodie,Cinavas
Gabriella,Redihough
Lilli,Rolley
Bastian,Farre
Dalis,Phalip
Talya,McPolin
Maureene,Duggleby
Jan,Napolitano
Dulcie,Buckenhill
Ulrica,Kenan
Cathee,Dagg
Sabina,Ginnane
Leonhard,Payley
Nikolia,Pawel
Patty,Antonat
Lynda,Kidwell
Hanni,Milbourn
Sawyer,Caven
Brianna,Hackworthy
Pearla,Cobbold
Derrick,Gateman
Saba,Nappin
Jolyn,Pieracci
Margette,Runnicles
Buddy,Dobsons
Stearne,Guitte
Ruprecht,Entwisle
Paolina,Lowdham
Federica,Readman
Mannie,Wycliffe
Amelina,Morritt
Clemmie,Headly
Louie,Brandli
Amandie,Tregear
Michaeline,Cheeney
Joscelin,Lockhart
Darryl,Eichmann
Frances,Roxburch
Antone,Piel
Gunar,Prinett
Barclay,Docwra
Kenyon,Gathwaite
Sibella,Greenalf
Farand,Rymer
Carena,Jedrychowski
Reagen,Ovitz
Alisa,Grimmert
Marianna,Bader
Lion,Bediss
Tasha,Crowley
Gian,Simoncello
Harmony,Riddell
Tiphanie,Bonifas
Casper,Pover
Zane,Biers
Almeta,Ybarra
Ruttger,Arling
Carmita,Tucker
Allyce,Altham
Ronnie,Britnell
Carlita,Bew
Nils,Riggott
Donal,Jovis
Demetre,Farnworth
Helen,Johananov
Inglis,Beeken
Agata,Hadrill
Garv,Banisch
Corabel,Southern
Harriot,Wackly
Luisa,Heustice
Hildy,Berrill
Theressa,Drinkhall
Corissa,De Michele
Atalanta,Wordsley
Burty,Wordsworth
Margarette,Wardell
Jackquelin,Schule
Quentin,Coppin
Findlay,Hurrion
Eadmund,Brattan
Marget,Billes
Tyrone,MacGragh
Arlan,Hendrickson
Jase,Corwood
Dewain,Dodsworth
Langston,Kirkbride
Lev,McRavey
Shawna,Haet
Maurita,Connell
Tome,Dobrowolny
Antonetta,Suckling
Jared,Lovart
Ryann,Paprotny
Leopold,Brightwell
Leyla,Turland
Alberik,Sargison
Isaak,Golt
Hester,Sawney
Damon,Malecky
Johnette,Pointon
Konstantin,Gillespie
Bethany,Furmston
Kathi,Macconachy
Prudy,Curlis
Junia,Renhard
Raymund,Gwynn
Guy,Nardrup
Eleanor,Fosdike
Dillie,Waud
Sandra,Kingescot
Lorry,Grosier
Cyrill,Solman
Lothario,Marians
Farrah,Zucker
Phedra,Gierth
Talbot,Buff
Francklyn,Glover
Yves,Rigby
Mariele,Karolowski
Darci,Priestnall
Joline,Really
Gaby,Burgise
Harriette,Tidcombe
Lennard,Morkham
Garrek,Gearty
Maggee,Colebeck
Ilario,McJarrow
Moyna,Salle
Sylvan,Klimt
Peri,Durnin
Dilan,Bowcher
Heindrick,Lacky
Kathie,Giottoi
Cassaundra,Screech
Wallie,Sweetenham
Hedy,Evison
Maxim,Doerling
Timoteo,Nunan
Josepha,Andreini
Amble,Adcock
Gabie,Robatham
Jehu,Gillhespy
Kattie,Petracci
Wanids,Rigate
Craig,Pearch
Ryann,Cosley
Gordie,Wickrath
Stinky,Rittelmeyer
Ave,Boorn
Quinn,Gaber
Amity,Roddell
Rupert,Cambridge
Renault,Holbie
Ceciley,Gyver
Lothaire,Couch
Ferrell,Watt
Florian,Fairbank
Gill,Kirkebye
Giralda,Hawford
Clayborne,Bonaire
Delia,Dungate
Sydney,Franzonetti
Starla,Fourman
Ursuline,Gibbons
Jorie,Andrzejczak
Adelle,Top
Agnese,Renbold
Wandis,Gaddie
Joye,Fullard
Johann,Willets
Ciro,Platts
Hansiain,Silverthorne
Sashenka,Whiskin
Rossie,Evequot
Jada,Huffy
Garvy,Heaffey
Pepillo,Bailiss
Redd,Szantho
Cissiee,Kilgrove
Yetta,Maureen
Sinclair,Hearson
Reine,Pollock
Gerik,Moorwood
Rozalin,Bim
Dicky,Cleobury
Abigail,Haley
Kathy,MacDonnell
Andriana,Lawton
Bella,Jasiak
Noam,Bisterfeld
Nanice,Leed
Dedie,Tomczykiewicz
Bram,Sawood
Tom,Van Cassel
Chery,Gayton
Pooh,Conrard
Alena,Pinshon
Dewitt,Allibon
Teresina,Roskams
La verne,Poxton
Cristionna,Abthorpe
Karon,Truss
Carole,Bidwell
Thain,Coopper
Terza,Defries
Sarena,McBeath
Brockie,Buzzing
Normy,Kitchinghan
Consalve,Ghidelli
Maire,Yokley
Carole,Emmins
Conroy,Wittering
Marchelle,Freeman
Melessa,Shooter
Abagael,Brise
Karissa,Reddish
Devlin,Goering
Chrystel,Hawker
Tymon,Bendall
Alejandra,Olivera
Sadie,Siehard
Inesita,Markovic
Pattie,Baughan
Alberta,Bims
Hoyt,Andreichik
Mirelle,Garfirth
Pauly,Entwhistle
Gonzales,Robinson
Kanya,Auty
Sheelagh,Lipscombe
Michelina,Kohter
Vanna,Eidler
Alix,Lambird
Marcelo,McGennis
Cele,Lissimore
Virge,Brookwell
Lida,Carletto
Artur,Spittal
Arney,Doddrell
Rriocard,Jozefczak
Padgett,Dradey
Hill,Crooke
Gerrie,McLagain
Ragnar,Jackalin
Abbe,Chastand
Jean,Rainforth
Ashia,Forge
Sheena,Punter
Genny,Grealy
Shirl,Branford
Chevy,Provost
Faunie,Tomankowski
Dana,Carwithan
Kenon,O'Shesnan
Sandor,Livsey
Rozamond,Benezet
Mariska,Urey
Issi,Paxforde
Marcel,Jeeves
Stillman,Gery
Boniface,Waszkiewicz
Susanetta,Luke
Viva,Town
Louella,Ismail
Monah,Greasley
Ulrick,Shaxby
Margalit,Cubley
Max,Sawley
Caril,Righy
Caddric,Flemming
Carleen,Courtonne
Spike,Aupol
Walther,Gillbey
Quinta,Oppie
Ruprecht,Witherington
Lorene,Coat
Waldon,Shillabear
Bogey,Wooldridge
Helge,Antonin
Esdras,Adolfsen
Ervin,Kingsman
Sherwynd,Kingsnode
Franny,Noon
Val,Drieu
Albina,Haacker
Berenice,Oller
Toby,Liddiard
Britt,Pergens
Gannie,Kerwin
Gillian,Marten
Michal,De Souza
Pierson,Casier
Kerri,Crookston
Llywellyn,Coch
Sioux,Lark
Margaret,Oswald
Frannie,Twatt
Carmen,Rabl
Marcelo,Piatkow
Ashby,MacGuffog
Oralee,Gilkes
Nelie,Henriques
Evaleen,Boake
Akim,Johnys
Flossie,Daout
Alvin,Jakubczyk
Veronica,Teffrey
Rowan,Cumberland
Carce,McLoney
Halie,Pecey
Ariel,Gotts
Alejandro,Seven
Patty,Rosensaft
Dolf,Sizzey
Layla,Baldack
Annice,Godbert
Zach,Garretts
Devi,Botler
Brynn,Paddison
Haley,Treleaven
Leesa,Seamen
Nollie,Sweeny
Cherri,Ervine
Ora,Luparti
Chevy,Salatino
Edy,Licciardiello
Amalea,Pane
Isador,Syers
Tomasine,Oxenford
Abra,Frankes
Babette,Tschirschky
Letisha,Cathie
Lanna,Claridge
Cyrus,Taffurelli
Frannie,Esposi
Filmer,Van Arsdalen
Sim,Harlock
Cornela,Tchaikovsky
Rowan,Billitteri
Caro,Beazley
Guido,Trueman
Wanids,Calderhead
Sydney,O'Dwyer
Miguela,Cutajar
Stewart,Foulsham
Teddy,Barbera
Melba,Haxley
Lee,Ferfulle
Seymour,Palliser
Mersey,Ivashinnikov
Inger,Bunce
Gertie,Hartill
Corri,Clements
Alfred,Augustine
Isobel,Gleadhell
Marie-ann,Ackenhead
Melly,Tolman
Cornelia,Butner
Edwin,Saffe
Nedi,Ruslinge
Grayce,McAneny
Rafaelita,Reisin
Fredra,Rozzier
Sybille,Buxsy
Lodovico,Marquess
Kenny,Jakubovics
Carolina,Fossey
Joan,Reschke
Silvia,Havesides
Orion,Dossantos
Lorenza,Floyd
Jay,Skala
Wenda,Bentsen
Johnnie,Sibille
Baxie,Casebourne
Rivkah,Sirey
Claudius,Cressingham
Orsola,Agerskow
Raphaela,Ovesen
Florri,Gotcliff
Babs,Calendar
Kittie,Tibbs
Arthur,De Ambrosi
Nariko,Wiltsher
Sullivan,Gristock
Hamish,Abbis
Saxon,Taggart
Daron,Stratton
Aveline,Josum
Eleni,Godman
Josephina,Moine
Ermin,Angell
Venus,Whymark
Ozzie,Murrhaupt
Florance,Copas
Abbie,Comsty
Thorny,O'Logan
Germana,Bocking
Drake,Blankau
Shanta,Sarah
Valenka,Mogie
Liam,Limpenny
Greta,Hannaway
Jeddy,Mc Curlye
Jacqui,Darycott
Flora,Napleton
Alverta,Emblin
Colline,Creedland
Kassandra,Lavens
Hallie,Guiducci
Wyatt,Darben
Dorrie,Danielski
Erda,Deinhard
Ginnifer,Hunting
Nicoline,Hutley
Wright,Devigne
Sherri,O'Shields
Rennie,Levens
Kimbra,Chedgey
Melvin,Shackle
Freddi,McComiskey
Sula,Canto
Merry,Bendall
Aindrea,Jarrelt
Hartley,Kinnett
Catlin,Outlaw
Sunny,Frances
Madlen,Rowberry
Brynn,Dodwell
Colver,Riveles
Chadd,Martland
Mano,Warrilow
Madalena,Swyre
Antin,Boncoeur
Aili,Mannock
Kathie,Balthasar
Dredi,De Michetti
Nobie,Breslane
Ilyssa,Findon
Cherianne,Chadney
Josias,Heaselgrave
Dinnie,Pollock
Guillaume,Cornbill
Goldie,Beall
Winnifred,Shipton
Courtnay,Cortes
Carri,MacCorkell
Frederik,Paul
Kayla,Lahiff
Marcelle,Abrashkov
Mart,Pavlitschek
Neely,Batstone
Crista,Glanville
Kiah,Huke
Meggi,Candish
Alfredo,Alvar
Christal,Soot
Lynelle,Padilla
Cass,Holsall
Toby,Tomkiss
Silvia,Sykes
Quinn,Haisell
Sydney,Shellsheere
Anders,Insoll
Obed,Gate
Aeriela,Priestley
Guy,Hebbron
Lacie,Porker
Vito,Dullingham
Lil,Gartan
Jesselyn,Watkin
Sylvia,Milburn
Mayer,Heffy
Cully,Veryan
Kiley,Hartrick
Ericka,Beggin
Dulciana,Morden
Linus,Dinnis
Paten,Rappport
Lucias,Patching
Karla,Burnet
Roldan,Brice
Blane,Schaffel
Levin,Nice
Terri,Dollen
Lorain,Marcinkowski
Dynah,Dressell
Fionnula,Davoren
Federica,Spradbrow
Jase,Hubberstey
Auguste,Wasteney
Giuditta,Fattorini
Branden,Fredson
Gonzales,Cudd
Helyn,Virr
Baxter,Jakubovicz
Charissa,Huot
Garreth,Eayrs
Roch,Lytell
Cecily,Stoate
Ortensia,Presshaugh
Rodrique,Morston
Faina,Locks
Cordie,Benes
Carolee,Whotton
Antoni,Peschka
Ferdinande,Bernolet
Ivar,Banton
Nonna,Burch
Craggy,Gravestone
Natty,Lindenblatt
Silva,Astill
Allin,Trehearne
Janifer,Denniss
Annice,Geddis
Jo,Labrow
Kerby,Wootton
Judith,Warboys
Lynnette,Ledger
Amabelle,O'Siaghail
Zuzana,Petherick
Friedrick,Stebbings
Morly,Giabuzzi
Flem,Possek
Stevie,Golby
Christoph,Gouldie
Patsy,Joesbury
Kendell,Satterley
Kermy,Tommasetti
Jens,Zmitruk
Lucilia,Bullivent
Mattie,Murrigan
Reagan,Soldner
Irene,Weaver
Wyatt,Riddett
Connie,Rawlin
Thomasine,Townley
Nikos,Fleisch
Zarla,Shaxby
Jamaal,Pothbury
Augusta,Blake
Letta,Kobierra
Troy,Ledgerton
Bekki,Hordle
Morten,Kielty
Giraud,Lambrick
Dewey,Bartosik
Riobard,Collimore
Audrey,Gibb
Alana,Clemenzo
Zeb,Lipp
Chicky,Loisi
Harman,Berndtsson
Benyamin,Almon
Hilarius,Dreghorn
Bronny,Sneden
Vinnie,Febre
Hunt,Donohoe
Clint,Morin
Roddy,Harrisson
Chariot,Brundill
Maryann,Jantel
Annetta,Klosa
Frankie,Green
Fern,David
Emmey,Lewry
Gilligan,Hurch
Tisha,Fishpool
Luther,Wornum
Justino,Velez
Wallace,Slamaker
Dianna,Domico
Dalenna,Taffe
Alysa,Godmar
Jennine,Roux
Galvan,Baldi
Uta,Nicholl
John,Culpin
Mario,Saulter
Fawne,Fance
Theadora,Gibke
Marice,Klawi
Jaime,Dumbrall
Reynold,Cregan
Hart,Darrach
Kristi,Hardson
Sofie,Persehouse
Matt,Bedding
Benedetta,Mailey
Vere,Wyrall
Nannie,Najera
Brod,Ashdown
Clifford,Mathouse
Chen,Eck
Stacy,Djakovic
Rozele,Demaid
Nefen,Colby
Oswell,Sweetland
Valeda,Nabbs
Terza,Bagott
Eddy,Fenimore
Jenifer,Cettell
Chastity,Braidwood
Kiele,Sheeran
Bobby,Wison
Barde,Sparling
Tiffy,Baumaier
Seka,Yurov
Kym,Foltin
Sylvester,Stronough
Editha,O'Halleghane
Kenna,Redmell
Jacinda,Pylkynyton
Kirsten,Rylatt
Bay,Dalman
Haleigh,Kelberer
Eydie,Lister
Kaia,Tanby
Nola,Dursley
Samaria,Harsant
Stormy,Keal
Laryssa,Clapperton
Aubert,Clarson
Bernadene,McGuane
Teodor,Ronaghan
Veradis,Dart
Fawne,Twells
Ettore,Fripps
Raine,Gumly
Emmett,Batsford
Odetta,World
Shel,Brabyn
Tulley,Margrem
Arly,Wenzel
Neddie,Boanas
Jedd,Headey
Zach,Ghidotti
Genia,Bondley
Matias,Boddis
Bartolomeo,Bim
Leann,Calderbank
Spike,Whistan
Emlyn,Pie
Shelby,Smales
Antonina,Janiszewski
Jessica,Creboe
Geri,Eykelbosch
Deny,Ormistone
Benedict,Matzke
Tildie,Capey
Martie,Rozzier
Reade,Doggrell
Ronna,Glasscock
Albertine,Jacques
Valli,McArdell
Shayne,Martinyuk
Annecorinne,Codner
Rhody,McNally
Lavina,Watmough
Falkner,Prickett
Dex,Popelay
Marcello,Broune
Gunner,Bielby
Thaddus,Ledekker
Mariya,Swayton
Maryjane,Canton
Abby,Buttress
Cilka,Schulkins
Gale,Loggie
Aridatha,Cootes
Marcelia,Thomson
Mischa,Wilcott
Lincoln,Sandford
Munmro,Cronk
Zahara,Gilluley
Denyse,Linnell
Lian,Poizer
Randolph,Le land
Cory,Barabisch
Ashia,Squibe
Rosabella,Tinston
Romeo,Pringell
Carl,Measey
Barthel,Probat
Willyt,Alker
Lyndsie,McGrane
Palm,Skellon
Hamnet,Dellenty
Atlanta,Clandillon
Florina,Baumler
Ainslee,Harkins
Marchall,Magowan
Becky,Latore
Boyd,Buggs
Emlyn,Pierrepont
Jeannette,Ungerecht
Isabella,Baynes
Mischa,Auchterlonie
Casandra,Worswick
Jessamine,Chitty
Garold,Giacovazzo
Stephi,Marages
Karen,Thonger
Wylie,Jenton
Felicle,Burrells
Colleen,Cranmor
Jereme,Sisneros
Gianna,Briant
Brade,Halden
Aurelea,Shill
Kirk,Halesworth
Josepha,MacClure
Cherish,Huston
Arthur,Stobart
Dexter,Ruby
Forester,Hazeldene
Odessa,Papaccio
Bran,Crickmer
Abbi,Penelli
Franky,Hilbourne
Bendix,Gashion
Duffy,Besant
Reese,Villiers
Stanislaw,Grieves
Baryram,Astill
Mario,Tower
Boycie,Filippello
Moses,Waplinton
Leandra,Frowd
Zoe,Abella
Boris,Poure
Lena,Ramsdale
Pauli,Delicate
Rudolfo,Haslum
Kissiah,Trumble
Philbert,Rawne
Carmella,Uman
Gina,Lacroutz
Georg,von Grollmann
Merill,Sandey
Ally,Berg
Hamid,Scroggins
Agace,Statham
Leonhard,Hamfleet
Chrystel,Kilduff
Bryna,Leonardi
Gael,Channon
Perrine,Mobbs
Merralee,Stiggers
Trstram,Paolucci
Ellie,Loudon
Bogart,Lawful
Alberto,Holah
Vere,Fasse
Bearnard,Grinstead
Trudy,Timmens
Pietra,Diamant
Harlie,Vergine
Christopher,Beau
Ella,Tuley
Mariska,Yerill
Beltran,O'Riordan
Kendrick,Bounds
Iormina,Scarse
Constantine,Eddison
Farrell,Grievson
Hastie,Antoons
Geneva,Iorio
Cullen,Wilbore
Francklin,Ellershaw
Kizzee,Crichten
Cobb,Caulket
Curran,Pardy
Afton,Barrett
Riccardo,Woodrow
Rogers,Somerville
Kacey,Petru
Florina,Harborow
Marti,Grzelczak
Torie,Flori
Lenette,Maslen
Bernadene,Jenny
Klara,Mealiffe
Binny,Sharratt
Hyacintha,Hardey
Bartholomeo,Taylot
Janice,De Clairmont
Serene,Slade
Tades,Accum
Vassily,Caville
Elvina,Manser
Auria,Handslip
Joyce,Veld
Julianne,MacCracken
Garey,Kasting
Northrop,Franz
Kirsti,Loftin
Barney,Weson
Clemmie,Jacqueminet
Godfree,McBean
Tobit,Earry
Valencia,Ruprechter
Crystie,Kellogg
Nealson,Stubbley
Fairfax,Mieville
Inness,Adam
Modesty,Anderer
Thorstein,Elliot
Urbanus,Bruckstein
Oates,Goodwill
Elinore,Bavidge
Brina,MacMillan
Alonzo,Blakiston
Ber,Reville
Magdalene,Antonescu
Angeli,Bruford
Burnaby,Cleevely
Salomo,Lightwood
Cissiee,Thrush
Dotti,Huggons
Becka,Tavinor
Lynde,Hairyes
Rica,Thurman
Collin,Spriggin
Karel,Walby
Simon,Skottle
Ivor,Rabbatts
Olwen,Dalligan
Yancy,Siddele
Robin,Castan
Ab,Bentson
Isidor,Pountney
Allie,Gisborne
Mortimer,Heathcoat
Anet,Adamsky
Reinaldos,Doidge
Emmerich,Jepson
Terza,Osgardby
Randy,Wrist
Cristionna,Alcock
Aguistin,Strettle
Caryl,Ziebart
Anna-maria,Hain
Linnie,Kiefer
Gerardo,Di Antonio
Amity,Ringrose
Christoph,Olrenshaw
Guendolen,Egglestone
Allis,Fosdike
Hugibert,Lenihan
Genovera,Gorrie
Jessamine,Hardington
Peyton,Nugent
Emelda,Mariner
Annice,Drew
Prudy,Suddards
Yolande,Pegram
Sioux,Andryushin
Donal,Charer
Raina,MacConnell
Marian,Underwood
Michale,Ashpole
Gennifer,Baigrie
Benedicta,Astell
Didi,McCourt
Imogen,Biever
Florina,Leyden
Berk,Marion
Aloin,Counter
Jamie,Wisdom
Pauletta,Dubois
Gloriane,Hagwood
Rosana,D'Alessio
Clare,Suermeier
Ellsworth,Ludlam
Ivonne,Donizeau
Siobhan,Hadigate
Christi,Orgen
Amii,de Mendoza
Alexandre,Morling
Fan,Suffield
Amity,Hegerty
Maude,Henryson
Lindie,Brislawn
Julissa,Wellman
Rafi,Clelland
Dalston,Algy
Ingaborg,Ferebee
Bradly,Trump
Salvidor,Durtnell
Ashlee,Maestrini
Kent,Cuchey
Gilberte,MacPeake
Nowell,Tather
Roderigo,Mungan
Lindsey,Hawler
Bendick,Burchell
Constantine,Christoforou
Packston,Hane
Ernest,Shapera
Conney,Bedbrough
Miranda,MacTurlough
Tandy,Sellack
Micky,Dowears
Tera,Fearnyhough
Tanner,Boother
Kalina,Abramin
Scottie,Dunston
Loreen,Bezzant
Karoline,Wagenen
Graham,Impy
Starlene,Malcolmson
Jed,Handford
Elwood,Scanlan
Smith,Sibille
Janifer,Warde
Hortense,Teresse
Rani,Escoffrey
Frasier,Pechacek
Michelina,Di Nisco
Miner,Gooders
Findlay,Loveitt
Felicity,Orring
Birk,Possek
Sibilla,Dunckley
Maybelle,Gaudon
Tiler,Domokos
Vannie,Chawner
Margareta,Fleckney
Herminia,McVrone
Allard,Raiston
Harper,Paddick
Reeba,Sircomb
Ofelia,Antonio
Piotr,Koop
Brenden,Forsbey
Reinald,Hofer
Gus,Ivell
Neely,Maddams
Clare,Erskine Sandys
Ewan,Pavier
Celestine,Bever
Wake,Manktelow
Luca,Schistl
Remus,Bucklan
Adora,Hanny
Lindsy,Lamdin
Stormi,Stammers
Rosemonde,Giacobazzi
Hyman,Blade
Patsy,Cobleigh
Leonora,Local
Jess,Scrowby
Lauren,Huke
Auberon,Seago
Joly,Theunissen
Faustine,Gazzard
Dotti,Domleo
Billie,Wharfe
Abby,Kingswood
Simona,Goodall
Myra,Grzelewski
Faber,Babin
Alvera,Van Brug
Jaymee,Menichelli
Rochell,Maxstead
Jeannette,Di Biagi
Cayla,MacAne
Raeann,Waltho
Geoffrey,Dougher
Cecil,Wycherley
Cos,Angrove
Maura,Postans
Prescott,Biaggiotti
Jacklyn,Gossipin
Angele,Freund
Janeta,Orthmann
Tomas,McVey
Lanie,Medendorp
Zsa zsa,Spurdle
Brannon,Blucher
Federico,Gomar
Anestassia,Benzing
Alvera,McNirlan
Chilton,Honnicott
Joanie,Hadeke
Melesa,De Angelo
Belia,Dobkin
Ania,Beentjes
Etan,MacKintosh
Friedrich,Larderot
Fidel,Stiven
Karel,Oslar
Kin,Speare
Aime,Knightsbridge
Seana,Boffin
Joyann,Aubert
Bo,Bolduc
Fredric,Nardrup
Bella,Scarlett
Querida,Fessler
Arvy,Brain
Clary,Darko
Dalila,Dolohunty
Hayden,Laydon
Rorke,Hehnke
Tobiah,Wanless
Mitch,O'Caherny
Efrem,Cutcliffe
Armando,Rigglesford
Dud,Malyj
Sarene,Mossdale
Alain,Rigler
Micky,Guillard
Nathan,Celle
Phedra,Perrat
Lexis,Longhorne
Blondie,Tottle
Sinclair,Simonett
Langsdon,Attwater
Anders,Bere
Benn,McMurdo
Xerxes,Windrass
Vassily,McCarle
Andy,Lowrance
Desiri,Blabey
Quincey,Porritt
Cthrine,Elderfield
Tate,Owtram
Seka,Klimentyonok
Tessi,Whitty
Yves,Kiss
Bonita,Wortt
Ferne,Demkowicz
Gennifer,Staning
Seline,Diggles
Elysha,Kisbey
Amelia,Hurrion
Stanwood,Bachelor
Darn,Metherell
Leonard,Vint
Marinna,Dracey
Bartholomeus,Cerie
Marcellus,Wormleighton
Paddy,Vernham
Cazzie,Ocheltree
Eadith,Collough
Gennie,Gonoude
Felita,McCard
Roseanne,McGeown
Suellen,Marven
Armand,Acuna
Arlana,Gilluley
Sidonnie,Olyonov
Caesar,Vaughan-Hughes
Anita,Oby
Anabal,Dyson
Nicki,Macrow
Goraud,Cordoba
Marcelia,Skipperbottom
Eliza,Strickler
Allard,Snaden
Jeramey,Phelip
Clay,Veldstra
Leia,Doldon
Consuelo,Service
Petrina,Treven
Ethelda,Stitfall
Vere,Klambt
Kelby,Smallacombe
Barnebas,Kristof
Tris,MacPeake
Salomi,Coverdill
Mariele,Damper
Neils,MacCarter
Catherine,Hodge
Archibold,Chaytor
Gertrudis,Voss
Bert,Vittore
Roderigo,Cartwight
Keefer,Torricina
Livia,Phillipp
Terrance,Westell
Benni,Tokell
Leonard,Cool
Lucky,Edwins
Cale,Assandri
Trace,Shayler
Rorke,Gladbeck
Madison,Revening
Gabey,Wyldbore
Bertrand,Maskell
Giffy,Perrott
Cindelyn,Davidovics
Wadsworth,Asbery
Daryle,Snasel
Dom,Chatin
Rolph,McCanny
Patton,Kabsch
Skipp,Renny
Aldo,Ferencz
Emlynn,Brisset
Jacinta,Maving
Allison,Triebner
Nate,Vickars
Ezequiel,Cavil
Ryan,Heartfield
Fannie,Emptage
Padraic,Menchenton
Sonni,Gladden
Verene,Evreux
Ophelia,Maass
Minta,De Filippi
Caresa,Jager
Kai,Caulfield
Felice,Hagwood
Else,Aberhart
Patricia,Timbs
Fulvia,Woolfenden
Dodie,Fozard
Ginevra,Lugden
Clerkclaude,Maria
Cameron,Chartre
Karim,Lambdin
Daune,Balham
Jarret,Penylton
Brendan,Boffey
Tandie,Melladew
Dita,Landsbury
Julissa,Woodrooffe
Averil,Bassford
Theodore,Ismirnioglou
Inglis,Sherborne
Quinn,Cake
Barnett,Clurow
Pren,Severns
Jacobo,Ferrey
Gaye,Hast
Malina,Alentyev
Peggi,Mackiewicz
Welbie,Tuttle
Felisha,Bradock
Isobel,Landsberg
Adrea,Waywell
Ibby,Neward
Faydra,Hurst
Susanne,Southcombe
Salomon,Kirwan
Emma,Sotheby
Morrie,Blakeman
Pavia,Shawyers
Marcille,Castro
Eachelle,Veldstra
Marcellina,Hallitt
Thedrick,Bogart
Tabbatha,Vicent
Cully,Grundon
Nehemiah,Sneath
Auguste,Macvain
Cacilie,Vedyaev
Leeann,Ludy
Ibrahim,Taffee
Jayme,Horwell
Georgeanna,MacKonochie
Bail,Kitchingman
Janina,Warke
Jud,Heelis
Zonda,Crossland
Sheila,Woodroff
Kliment,Halgarth
Bartolemo,O' Loughran
Maria,Kear
Tadio,Hinze
Adena,Simak
Craggie,Wride
Jake,Ruff
Chanda,Elcom
Alister,Bailles
Asia,Campos
Pandora,Rozanski
Jaclin,Freed
Jehu,Forrest
Nancy,Toft
Vincent,Rosborough
Shelton,Tretter
Sibelle,Trow
Alexandrina,Macvey
Bryan,Olorenshaw
Park,Breed
Quillan,Englishby
Pattie,Manvelle
Winfield,Chadwick
Shoshana,Massimo
Rouvin,Proudman
Elsie,McQuin
Katharina,Splain
Milka,Lax
Enriqueta,Faucett
Tressa,Buttrum
Rozanne,Dametti
Markos,Dmytryk
Angelique,Willishire
Flore,Woodyear
Alleyn,Kaming
Julio,Tomczak
Herby,Menilove
Eliza,Oldridge
Elna,Mecozzi
Natassia,Watkins
Clim,Foxley
Ephrayim,Knivett
Ingaberg,Stocken
Sella,Florence
Olly,Damsell
Catherin,Rainy
Geri,Runciman
Doralynn,Rraundl
Felicity,Jankovsky
Rene,Lashbrook
Corey,Sagar
Kaia,Dielhenn
Beltran,Giovannini
Adolph,Stigell
Jozef,Pettet
Reggie,Agus
Emilia,Sacher
Shaine,Rodman
Olenka,Camocke
Hatti,Gaunter
Giralda,Jean
Jackquelin,Creak
Duffy,Slowley
Emmalynn,Geach
Hillyer,Butteris
Darrell,Follitt
Ambrosi,Hebble
Rebe,Bleiman
Merla,Elwell
Cass,Brokenshaw
Verna,Haggarth
Candy,Gladdin
Kendra,Wingar
Isis,Braam
Jaime,Sprott
Emmit,Cogger
Joelynn,Aliberti
Arnoldo,Shurrock
Harlen,Condit
Leone,Yaxley
Ursa,Wike
Corissa,D'eye
Denys,Constance
Reynold,Alsina
Ava,Al Hirsi
Annissa,Dunbobbin
Evangeline,Gorry
Adele,Causey
Hertha,Paireman
Mill,St. Clair
Bertrando,Moyle
Violet,Thexton
Glori,Vanetti
Jdavie,Sharma
Guido,Glinde
Kienan,Galpen
Hartley,Crumb
Octavius,O'Cahey
Rochelle,Smallcomb
Tallulah,Broadbear
Jake,Poyner
Catlee,Greve
Oralia,Mellody
Katharine,Garn
Rakel,Stanhope
Auguste,Brand-Hardy
Randell,Axten
Amerigo,Tegler
Kiersten,Clemanceau
Saundra,Kembrey
Jacques,Elderfield
Esta,Quoit
Lesli,Labitt
Rosabella,Maken
Rusty,Longley
Steve,Gorusso
Cleo,Blanch
Adams,Bellanger
Trish,Collinge
Ariel,Pochon
Louisette,Bremmer
Frazier,Winspear
Correna,Laffoley-Lane
Alberta,Gallgher
Esta,Greason
Tadeas,Collicott
Norina,Ruegg
Johannes,Walework
Sheeree,Capstaff
Wenona,Echallie
Patsy,Gilardone
Maryjo,Cullrford
Erik,Nutman
Harvey,Wafer
Tomlin,Hackinge
Germana,Filon
Amity,Glashby
Idaline,Mallows
Kahlil,Agott
Yard,O'Driscole
Odette,Jurca
Drona,Luton
Caitrin,Belch
Gussi,Iwanowski
Arv,Beedham
Nada,Blenkensop
Durant,Sillwood
Jaquenette,Karys
Glenden,Lazenbury
Fredra,Skeene
Cullan,Stirgess
Carey,Pitbladdo
Louella,Jollands
Aurore,Castagneri
June,Lantaph
Stephani,Eriksson
Latashia,Dillestone
Dolley,Sheen
Alard,Sibary
Burton,Skipsey
Jelene,Sealy
Brendon,Castellan
Calvin,Brewis
Dawna,Conibere
Leona,Kelson
Carry,Baison
Ulrick,Ferby
Misti,Gooderridge
Caterina,Agiolfinger
Chilton,Allston
Duffie,Bowgen
Jackie,Nolleth
Gretta,Fifield
Basile,McCullogh
Collie,Christoffersen
Abelard,Dooler
Darrelle,Ortelt
Paco,Klagges
Broddy,Sivyour
Nealson,Symington
Delly,MacBarron
Kat,Metcalfe
Nap,Spinozzi
Elset,Beavan
Audi,Standon
Pattin,Node
